time	pickupX	pickupY	dropoffX	dropoffY
10:20	1357.211591	1386.999137	1037.568142	1284.517317
